{
  "total_return": 0.00260450907316315,
  "annual_return": 0.1093893810728523,
  "sharpe_ratio": 1.2794906014024647,
  "max_drawdown": -0.008476821192053063,
  "volatility": 0.0,
  "total_trades": 4,
  "win_rate": 0.25,
  "profit_factor": 0.02888791279837241,
  "starting_cash": 1000000.0,
  "ending_cash": 0.0,
  "total_profit": 2604.50907316315,
  "total_loss": -90159.12957580971,
  "avg_win": 2604.50907316315,
  "avg_loss": -30053.04319193657,
  "avg_holding_days": 0.0
}